data,maxima,nino1_2,nino3,nino4,nino3_4,altantico_norte,altantico_sul,atlantico_tropical,pressao_darwin,pressao_tahiti,prp_xingu-al01,prp_xingu-al02,prp_xingu-al03,prp_xingu-al04,prp_xingu-al05,prp_xingu-al06,prp_xingu-al07,prp_xingu-al08,prp_xingu-al09
1979-01,560,24.97,25.39,28.38,26.48,25.95,25.31,27.51,1006,1009.6,471.6,430.1,392.9,353.6,451.1,342.7,415.3,286.9,292.9
1979-02,750,25.74,26.17,28.21,26.59,25.72,26.10,27.70,1006.9,1012.9,338.0,322.9,301.3,379.2,404.4,395.2,205.8,379.5,325.2
1979-03,776,26.07,27.27,28.27,27.41,25.67,26.48,28.15,1007.9,1011.3,216.9,181.5,142.9,177.0,197.5,264.8,160.6,203.2,231.8
1979-04,753,25.63,27.76,28.51,27.93,26.16,26.66,28.47,1009.7,1011.4,75.2,92.9,105.3,116.4,160.1,151.6,207.5,158.7,150.4
1979-05,583,24.52,27.34,28.76,27.88,26.65,25.92,28.32,1011.2,1013.3,56.2,54.5,24.0,33.1,46.5,85.5,70.2,118.4,152.4
1979-06,464,23.29,26.63,28.74,27.59,27.08,24.82,27.94,1012.6,1014.5,0.2,0.0,0.0,0.0,0.0,4.2,0.1,3.0,47.0
1979-07,353,21.92,25.66,28.67,27.05,27.25,23.71,27.25,1011.1,1014.3,1.2,0.5,0.1,0.2,1.4,10.5,1.5,26.1,20.4
1979-08,296,21.08,25.30,28.49,26.85,27.67,23.00,26.94,1013.3,1014.2,31.1,38.3,40.6,59.3,71.9,52.4,86.3,68.6,74.1
1979-09,283,21.01,25.60,28.66,27.14,28.03,23.15,27.18,1011.7,1014.3,49.2,67.0,48.9,73.1,119.2,122.6,166.4,125.7,115.5
1979-10,284,21.40,25.50,28.73,26.92,28.01,23.30,27.31,1011,1013.5,69.4,89.9,47.6,94.6,126.9,134.9,161.4,138.5,88.6
1979-11,348,21.77,25.64,28.91,27.10,27.58,23.87,27.53,1009.1,1011.3,260.7,214.2,201.3,155.0,269.5,259.6,244.4,204.9,154.2
1979-12,388,22.81,25.73,28.75,27.18,26.80,24.37,27.58,1008.5,1010.6,305.7,268.1,214.3,268.6,309.1,220.5,213.7,178.7,200.2
1980-01,559,24.57,26.18,28.62,27.15,26.27,25.22,27.68,1005.9,1011,312.4,395.5,296.5,429.7,483.8,372.7,222.5,342.0,306.9
1980-02,759,25.84,26.57,28.51,27.10,25.81,26.02,27.80,1006.3,1011.1,528.9,597.1,368.5,379.1,500.9,406.5,445.8,385.6,209.7
1980-03,886,26.59,27.12,28.49,27.38,25.70,26.59,28.15,1007.2,1009.6,146.6,186.9,141.6,262.5,290.3,348.5,298.4,297.7,252.5
1980-04,820,25.73,27.51,28.78,27.86,26.18,26.77,28.50,1009.7,1010.5,148.0,105.0,97.4,89.9,147.7,187.5,104.5,151.5,162.4
1980-05,627,24.49,27.31,29.16,28.15,26.92,25.81,28.42,1011.3,1012.5,32.3,61.2,45.1,57.6,50.1,64.0,92.1,63.1,184.0
1980-06,433,22.96,26.83,29.10,28.04,27.17,24.55,27.89,1012.5,1013.2,15.4,16.3,7.9,5.8,10.8,28.2,11.2,33.2,98.0
1980-07,341,21.20,25.71,28.97,27.47,27.24,23.47,27.24,1013.2,1013.9,0.0,0.0,0.0,0.0,0.7,6.9,5.3,13.0,23.6
1980-08,292,20.66,24.98,28.56,26.74,27.84,22.88,26.88,1013.4,1015.3,2.6,3.5,17.7,28.2,39.9,35.3,35.7,31.2,29.0
1980-09,263,20.41,24.88,28.58,26.63,28.19,22.91,27.08,1012.7,1014.2,83.9,74.8,71.7,92.6,93.9,103.1,46.5,67.9,17.0
1980-10,267,20.70,24.69,28.76,26.57,27.98,23.14,27.21,1010.7,1013.4,81.0,124.1,90.2,117.6,143.5,161.9,87.1,92.3,61.4
1980-11,335,21.45,25.07,28.69,26.69,27.46,23.71,27.48,1009.1,1011.5,266.1,300.8,368.3,421.0,384.4,235.2,147.3,168.9,93.3
1980-12,455,22.49,25.34,28.51,26.81,26.75,23.97,27.45,1007.3,1010.6,473.1,409.1,384.8,391.1,355.4,234.3,171.0,256.9,152.0
1981-01,597,23.28,25.17,28.15,26.39,26.31,25.29,27.35,1005.1,1010.1,421.3,324.9,384.1,367.6,337.5,299.1,139.9,323.2,320.8
1981-02,636,25.15,25.71,27.96,26.28,25.71,25.88,27.48,1006.2,1010.1,140.6,243.5,180.4,304.6,267.9,159.5,142.4,187.2,170.4
1981-03,620,26.19,26.72,28.09,26.80,26.21,26.27,28.04,1009.9,1010.8,450.7,392.8,362.7,331.9,333.8,241.1,180.5,207.4,139.3
1981-04,658,25.10,27.16,28.20,27.42,26.24,26.33,28.24,1009.9,1011.6,72.0,31.1,77.9,80.4,107.3,129.7,46.7,175.8,97.3
1981-05,614,23.92,26.83,28.43,27.52,26.75,25.64,28.19,1010.5,1013.2,12.4,39.5,12.3,37.1,23.2,24.2,8.8,29.6,64.9
1981-06,419,22.78,26.32,28.44,27.42,26.78,24.51,27.71,1011.5,1014.5,13.1,11.4,1.5,4.3,7.9,31.6,28.1,28.6,44.6
1981-07,336,21.26,25.37,28.29,26.79,27.28,23.60,27.17,1011.8,1014.1,5.3,6.3,3.5,1.0,1.1,6.4,1.8,10.3,16.8
1981-08,286,20.24,24.57,28.15,26.45,27.61,22.78,26.77,1012.4,1014.9,0.2,0.0,0.3,0.0,5.9,44.8,12.4,64.9,57.2
1981-09,269,20.32,24.79,28.35,26.57,27.90,22.98,27.03,1011.5,1014.5,30.1,14.0,25.2,41.0,46.2,64.9,63.1,39.5,8.9
1981-10,260,20.75,24.90,28.49,26.53,27.78,23.61,27.36,1011.1,1013.1,192.6,170.6,227.2,240.4,206.7,168.4,162.3,116.6,83.0
1981-11,340,21.50,24.85,28.51,26.45,27.60,24.20,27.50,1008.4,1011.7,413.0,326.5,283.3,298.0,297.2,304.6,256.3,169.1,129.4
1981-12,435,22.85,25.31,28.46,26.56,26.90,24.74,27.58,1007.5,1011.9,334.5,257.5,368.5,294.2,286.3,189.0,251.4,178.3,112.7
1982-01,652,24.62,26.00,28.29,26.84,26.00,25.45,27.63,1006.3,1012.9,437.0,306.5,387.8,365.6,398.2,484.0,405.8,430.1,359.9
1982-02,823,25.63,26.51,28.14,26.69,25.49,26.27,27.80,1007,1011.7,221.8,333.4,260.4,302.6,299.0,375.6,263.6,398.6,309.8
1982-03,870,25.66,27.24,28.44,27.52,25.52,26.80,28.15,1007.5,1011.8,346.8,340.1,228.4,290.1,317.7,311.7,336.3,244.4,315.5
1982-04,747,25.09,27.72,28.95,28.13,25.66,26.47,28.57,1010.1,1012.2,165.4,146.5,99.3,113.6,180.4,296.2,255.0,281.3,303.0
1982-05,724,24.33,27.74,29.30,28.46,26.32,25.57,28.58,1011.9,1012.5,50.1,16.3,26.2,19.8,36.1,97.0,56.6,107.8,258.1
1982-06,533,23.42,27.23,29.37,28.33,26.73,24.46,28.08,1013.9,1012.7,6.7,2.6,3.9,2.7,6.7,29.8,13.2,18.5,78.3
1982-07,392,22.47,26.29,29.01,27.76,26.98,23.26,27.40,1014.5,1012.5,1.0,5.0,0.1,0.4,4.2,16.7,9.5,16.5,26.3
1982-08,321,21.92,26.08,28.90,27.67,27.46,22.28,27.16,1014.7,1012.7,42.7,23.1,4.7,6.1,9.5,16.5,33.4,22.4,40.4
1982-09,281,22.16,26.71,29.05,28.23,27.82,22.52,27.33,1014,1013.2,121.6,75.5,83.5,93.5,173.5,176.7,225.4,121.4,14.8
1982-10,307,22.78,27.21,29.34,28.67,27.58,23.05,27.73,1012.5,1012.1,128.4,72.8,111.1,97.1,122.9,111.5,95.9,63.4,25.5
1982-11,317,24.50,27.54,29.22,28.68,27.00,23.56,28.00,1011.1,1009.3,175.7,177.6,147.5,145.6,161.0,192.0,140.9,103.9,25.3
1982-12,379,25.91,28.04,29.09,28.87,26.13,24.39,28.20,1009.3,1008.6,300.8,246.1,234.2,221.6,275.2,296.1,304.3,143.7,48.4
1983-01,457,27.20,28.47,28.75,28.82,25.54,25.72,28.25,1009.8,1007.7,438.8,327.1,396.3,362.3,318.5,255.7,224.9,191.2,131.1
1983-02,679,28.16,28.63,28.61,28.68,25.53,26.67,28.42,1010.3,1007.8,259.9,267.4,222.7,393.6,322.4,321.5,190.6,225.2,190.0
1983-03,673,29.00,28.85,28.58,28.72,26.02,26.84,28.70,1010.1,1008.9,314.9,341.4,247.7,318.6,332.0,370.9,325.7,281.4,320.7
1983-04,677,28.94,29.09,28.72,28.83,26.52,26.59,28.93,1010.1,1010.4,71.2,63.5,90.8,83.5,97.3,167.6,108.3,160.4,242.0
1983-05,552,28.27,28.95,29.09,28.89,26.78,25.55,28.78,1011.7,1014,38.6,41.5,28.2,32.6,38.5,61.2,42.2,44.6,119.5
1983-06,394,27.24,28.13,28.95,28.33,27.18,24.28,28.33,1013.3,1014.1,7.4,4.4,3.2,3.9,7.1,38.3,25.8,20.4,55.1
1983-07,333,25.84,26.76,28.69,27.25,27.21,23.24,27.64,1014.4,1014.1,4.5,3.0,4.3,9.7,13.1,17.0,9.5,30.8,32.2
1983-08,283,24.01,26.00,28.46,26.76,27.56,22.79,27.29,1014.1,1015.6,1.0,0.0,0.0,0.0,12.5,44.9,23.4,64.8,41.2
1983-09,264,22.37,25.30,28.22,26.42,27.82,22.83,27.22,1012.1,1016.1,70.7,22.7,94.2,64.5,102.7,79.6,99.7,67.2,4.8
1983-10,288,22.24,24.73,28.05,25.89,27.54,23.01,27.27,1010.5,1014,319.4,283.0,350.9,329.9,272.3,191.6,234.8,137.1,34.4
1983-11,340,22.38,24.42,27.94,25.74,27.31,23.87,27.36,1009.7,1012.5,334.3,254.6,274.3,212.4,170.6,128.7,99.7,139.2,12.5
1983-12,410,23.26,24.73,27.88,25.87,26.75,24.88,27.44,1008.5,1012,319.7,335.2,320.2,323.9,346.2,291.5,316.3,227.9,112.9
1984-01,476,24.40,25.31,27.69,26.08,25.87,26.00,27.40,1007.1,1011.8,166.8,185.7,236.6,271.5,354.8,331.4,402.5,213.7,305.7
1984-02,557,25.44,26.46,27.67,26.72,25.41,26.99,27.60,1005.3,1011.1,213.8,224.6,147.8,231.2,295.1,408.0,300.6,345.6,302.0
1984-03,630,26.06,27.12,27.67,26.98,25.29,27.53,28.09,1008.1,1010.9,220.8,203.1,209.6,230.4,292.0,355.4,395.6,294.8,524.7
1984-04,735,25.61,27.23,27.90,27.30,25.45,27.24,28.35,1010.1,1012.7,142.8,165.5,221.1,215.5,281.3,394.4,361.8,349.7,345.9
1984-05,732,23.78,26.49,28.25,27.42,25.88,26.30,28.08,1011.1,1012.7,47.5,52.7,44.3,63.7,70.4,137.5,55.4,176.8,324.4
1984-06,553,22.46,25.65,28.34,27.07,26.35,25.28,27.53,1013.2,1013.3,0.0,0.0,0.0,0.0,5.5,25.0,13.0,57.0,139.2
1984-07,386,21.68,25.19,28.34,26.96,26.58,24.07,27.14,1013.2,1014.3,0.0,0.0,0.0,0.0,3.2,18.5,7.7,21.7,83.5
1984-08,309,20.73,24.84,28.24,26.68,27.14,23.68,26.89,1012.2,1014.2,44.8,24.3,12.6,10.5,15.4,44.2,30.7,59.7,74.3
1984-09,275,20.78,24.68,28.39,26.47,27.60,23.65,27.11,1011.8,1014.4,67.9,76.9,72.2,114.2,141.9,161.5,155.1,140.0,116.0
1984-10,276,20.76,24.43,28.21,26.18,27.45,23.76,27.16,1011.3,1013.4,203.2,216.0,239.1,208.2,263.0,182.3,264.3,177.2,54.2
1984-11,353,21.69,24.25,27.96,25.64,26.89,24.18,27.27,1009.3,1012.8,246.9,194.7,130.3,158.1,159.6,157.6,153.0,124.1,79.9
1984-12,394,22.68,24.18,27.82,25.45,26.12,24.89,27.11,1005.1,1008.3,231.9,294.1,223.2,284.0,291.6,273.6,247.9,144.5,196.8
1985-01,680,23.95,24.65,27.83,25.67,25.53,25.84,27.24,1007.5,1011.3,463.4,454.7,436.3,446.4,447.0,435.9,278.7,425.9,316.3
1985-02,775,25.13,25.76,27.61,26.23,25.15,26.83,27.47,1005.4,1011.9,150.2,176.5,183.4,217.7,262.2,341.5,259.3,404.9,433.7
1985-03,797,25.82,26.50,27.58,26.65,24.93,27.06,27.82,1006.1,1010.7,303.0,246.0,247.1,241.6,289.4,384.2,375.7,341.4,485.4
1985-04,759,24.41,26.67,27.81,26.85,25.23,26.91,28.20,1007.5,1011.6,176.4,207.8,158.6,233.9,258.6,303.4,276.5,287.7,347.9
1985-05,778,23.02,26.40,28.09,27.11,25.64,26.13,28.07,1009.4,1011.4,21.5,27.3,36.5,43.1,72.0,154.4,99.6,170.0,208.8
1985-06,639,22.23,25.78,28.11,26.97,26.36,24.80,27.51,1012.6,1012.6,0.0,0.0,0.0,0.1,2.7,27.8,15.5,57.9,105.5
1985-07,420,20.92,24.91,28.40,26.80,27.01,23.79,27.09,1013.6,1014.2,5.3,9.8,8.7,4.6,6.5,23.8,8.3,37.5,50.0
1985-08,338,20.04,24.38,28.36,26.45,27.52,23.16,26.83,1012.4,1015.4,1.8,0.5,9.1,2.7,9.9,32.6,22.3,36.2,59.1
1985-09,285,19.89,24.20,28.32,26.18,27.87,22.99,26.91,1011.5,1013.9,72.8,57.4,44.7,47.3,98.3,95.7,113.3,45.7,26.0
1985-10,289,20.28,24.34,28.51,26.38,27.58,23.47,27.12,1010.7,1012.7,180.8,200.6,205.4,218.3,202.1,222.9,225.9,125.8,83.6
1985-11,354,21.16,24.51,28.51,26.49,27.34,24.11,27.38,1008.4,1011.1,165.2,182.5,184.0,264.1,235.7,239.5,181.7,171.8,112.4
1985-12,592,22.71,24.62,28.48,26.37,26.39,24.74,27.38,1007.6,1011.5,214.6,239.6,433.2,408.9,393.9,488.6,333.2,486.2,338.4
1986-01,654,24.61,24.92,28.19,26.12,25.43,25.56,27.31,1004.7,1010.8,319.2,284.6,241.2,206.2,235.4,237.7,190.0,246.4,224.8
1986-02,724,26.01,26.02,28.03,26.25,25.21,26.76,27.67,1006.9,1009.2,207.5,319.1,225.2,300.4,317.2,306.7,344.7,324.2,357.3
1986-03,756,25.90,26.99,28.19,27.02,25.20,27.22,28.04,1008.4,1012.5,165.7,225.7,212.9,194.0,237.0,321.7,304.1,279.9,409.1
1986-04,758,24.91,27.32,28.34,27.63,25.34,27.03,28.36,1009.3,1011.8,78.1,80.9,123.7,144.5,178.2,250.1,237.0,204.7,293.4
1986-05,654,23.45,26.73,28.73,27.64,25.76,26.29,28.29,1011.6,1012.4,40.4,101.0,25.5,47.5,49.2,134.0,75.8,106.3,148.2
1986-06,506,22.17,26.25,28.84,27.57,26.13,25.13,27.85,1011,1013.5,2.5,3.2,0.0,0.0,10.5,30.8,23.3,56.0,131.7
1986-07,380,21.52,25.73,28.86,27.27,26.61,23.82,27.34,1012.8,1014.1,19.5,7.2,8.5,8.1,21.0,49.2,57.2,64.0,40.9
1986-08,323,21.05,25.29,29.01,27.22,27.16,23.22,27.06,1012,1012.5,88.0,88.1,63.1,48.9,53.1,43.9,57.8,41.8,13.5
1986-09,280,21.15,25.26,29.09,27.37,27.63,23.17,27.20,1012.2,1013.7,40.5,46.5,59.3,88.1,97.4,116.3,139.8,82.7,38.9
1986-10,369,21.30,25.51,29.14,27.56,27.52,23.36,27.50,1010.9,1014.8,149.5,269.7,214.7,310.7,316.6,217.4,246.7,207.6,130.0
1986-11,392,22.07,25.83,29.19,27.66,27.24,23.80,27.74,1009.3,1010.1,115.5,179.5,210.1,185.8,182.4,148.6,164.5,106.0,135.5
1986-12,403,23.50,26.09,28.97,27.69,25.96,24.62,27.74,1009.7,1010.5,374.0,413.2,321.9,269.8,242.0,169.7,262.0,171.3,164.3
1987-01,466,25.66,26.70,28.66,27.74,25.54,25.46,27.78,1007.1,1010.2,195.0,250.7,237.8,256.9,225.4,204.0,194.4,173.4,203.0
1987-02,561,27.01,27.54,28.72,27.97,25.34,26.43,27.98,1007.4,1009.3,186.3,208.1,234.0,253.7,232.0,195.8,196.8,183.2,198.0
1987-03,699,27.95,28.33,28.85,28.47,25.68,26.97,28.53,1010.7,1011.6,203.4,225.0,230.6,249.0,288.8,386.3,369.3,330.9,289.0
1987-04,683,26.91,28.50,28.98,28.66,26.18,26.96,28.82,1011.5,1010.9,100.5,135.3,131.0,128.7,126.3,219.1,136.2,231.5,267.0
1987-05,585,25.85,28.14,29.30,28.60,26.57,26.29,28.78,1012.6,1011.5,30.2,47.5,23.9,35.0,42.4,98.9,38.1,146.8,118.3
1987-06,447,24.15,27.52,29.49,28.61,27.31,25.12,28.36,1013.1,1011.8,0.9,0.4,0.7,0.0,5.2,38.1,11.6,64.7,62.1
1987-07,352,23.15,26.98,29.40,28.54,27.41,24.01,27.85,1014.7,1013,0.0,0.0,0.0,0.0,1.3,8.9,1.1,19.9,23.1
1987-08,286,22.00,26.62,29.34,28.42,28.09,23.24,27.61,1014.3,1013.8,4.2,3.2,0.7,4.3,13.9,42.4,42.9,69.0,38.3
1987-09,261,21.91,26.61,29.53,28.38,28.31,23.16,27.74,1013.5,1014,31.8,45.2,56.7,55.5,76.0,92.5,120.4,86.4,19.2
1987-10,270,22.60,26.26,29.60,28.07,28.39,23.60,27.91,1011.2,1013.2,122.2,137.8,165.5,141.8,149.8,121.6,153.3,179.4,38.3
1987-11,313,22.83,26.20,29.59,27.86,27.94,24.44,28.15,1008.9,1011.9,260.6,284.9,242.2,305.1,269.2,145.5,232.9,103.2,31.2
1987-12,379,23.54,26.34,29.37,27.63,27.25,24.90,28.11,1007.8,1010.4,359.1,331.2,363.1,388.0,356.0,182.9,253.0,95.7,186.5
1988-01,501,24.85,26.51,29.00,27.50,26.21,26.12,28.04,1007.8,1012,268.8,232.4,260.1,281.6,317.3,316.8,265.7,226.1,191.3
1988-02,602,25.83,26.60,28.68,27.11,25.62,26.93,28.12,1006.7,1010.2,272.1,333.2,245.6,311.2,413.8,353.7,417.2,313.7,216.3
1988-03,719,25.86,27.24,28.51,27.40,25.82,27.55,28.46,1006.8,1011.2,321.2,302.4,386.8,385.8,370.8,357.6,214.1,261.3,365.5
1988-04,727,25.08,27.19,28.44,27.53,26.12,27.39,28.60,1010.1,1012.3,196.2,132.0,283.6,189.6,231.2,280.8,216.7,256.7,315.7
1988-05,708,23.69,26.13,28.40,26.96,26.37,26.69,28.29,1010.8,1013.7,11.8,19.1,27.8,16.0,28.6,132.7,36.7,168.7,203.6
1988-06,522,21.87,24.89,28.20,26.27,27.09,25.47,27.68,1013.9,1014.8,11.0,4.4,39.6,18.0,23.1,61.3,29.2,64.9,108.3
1988-07,398,20.73,24.03,28.08,25.75,27.47,24.18,27.13,1012.8,1015.5,0.0,0.0,0.0,0.0,0.4,7.2,0.2,22.1,102.4
1988-08,312,19.81,23.80,28.25,25.73,27.73,23.43,26.88,1012.5,1016.5,0.0,0.0,0.0,0.0,2.0,6.4,2.8,11.4,28.2
1988-09,269,19.73,24.01,28.06,25.80,28.06,23.15,26.97,1010.6,1016.3,22.1,6.1,39.4,22.1,23.9,54.4,35.6,52.9,65.5
1988-10,288,20.01,23.63,27.31,25.01,27.80,23.53,27.05,1009.1,1014.4,180.3,190.3,179.3,171.8,189.6,201.6,197.3,177.8,27.4
1988-11,344,20.94,23.66,27.15,24.84,27.35,23.97,27.08,1007.4,1013.5,239.1,254.1,235.3,263.6,249.3,260.9,168.5,221.2,94.6
1988-12,552,22.22,23.85,27.06,24.88,26.41,24.80,27.03,1006.5,1012.2,240.1,268.1,239.8,316.0,318.3,370.8,208.5,253.0,224.1
1989-01,598,24.29,24.43,26.81,24.81,25.43,26.09,27.12,1005.4,1012.6,317.1,402.1,234.2,288.3,235.0,332.2,136.3,257.3,275.2
1989-02,649,25.98,25.58,26.90,25.43,25.08,26.74,27.38,1006.8,1013.3,282.8,335.6,241.8,327.8,268.2,366.0,170.3,225.4,283.9
1989-03,751,26.31,26.31,27.35,26.20,24.79,27.28,27.79,1007.3,1012.5,277.5,388.7,229.4,362.9,325.1,377.0,227.7,287.3,387.9
1989-04,760,25.39,26.80,27.83,26.79,25.09,27.16,28.21,1007.6,1012.5,85.2,112.9,142.4,188.4,188.8,278.4,155.2,290.3,390.2
1989-05,648,23.46,26.58,28.36,27.19,25.52,26.38,28.16,1010.1,1013.6,12.5,32.1,25.3,72.1,85.1,187.6,73.1,196.7,222.8
1989-06,511,22.21,26.40,28.16,27.21,26.38,25.09,27.66,1012.8,1014.9,17.6,27.1,9.8,21.4,30.1,76.1,45.8,113.8,172.4
1989-07,447,21.36,25.44,28.19,26.86,27.29,23.91,27.28,1012.1,1014.5,8.9,13.0,9.6,17.6,18.2,30.5,23.0,55.1,118.3
1989-08,340,20.74,24.84,28.15,26.47,27.94,23.42,27.02,1013.3,1014,12.6,32.3,16.6,63.2,45.6,68.9,37.3,66.1,42.2
1989-09,292,20.18,24.76,28.38,26.50,27.89,23.18,27.12,1011.7,1015,41.5,65.6,52.6,80.2,80.5,79.2,93.1,55.8,50.7
1989-10,286,20.72,24.69,28.42,26.41,27.89,23.50,27.34,1009.9,1014,133.9,150.1,136.2,200.7,189.8,179.0,172.8,137.3,160.9
1989-11,391,21.62,24.67,28.30,26.32,27.43,23.80,27.51,1008.7,1011.3,157.6,122.9,226.4,212.8,271.0,202.4,237.5,208.8,115.9
1989-12,647,22.64,24.95,28.55,26.61,26.81,24.23,27.50,1008.9,1011.4,555.6,579.0,571.7,578.4,516.7,442.6,473.5,287.4,141.0
1990-01,682,24.27,25.49,28.55,26.68,25.76,25.06,27.52,1006.9,1011.1,238.6,307.5,208.7,250.1,227.1,202.8,177.6,106.9,118.1
1990-02,690,26.20,26.52,28.60,27.00,25.43,26.44,27.92,1010,1010.9,316.9,349.3,399.9,459.3,403.7,403.2,265.7,264.3,292.3
1990-03,766,26.27,26.98,28.68,27.37,25.39,27.17,28.29,1008.3,1010.7,171.0,147.4,194.5,183.7,201.2,293.8,220.7,258.3,289.2
1990-04,698,25.12,27.53,28.79,27.89,25.98,27.13,28.66,1009.7,1012,82.2,137.5,114.1,146.0,148.8,173.8,202.1,149.5,152.6
1990-05,602,24.07,27.44,28.95,28.05,26.55,26.00,28.51,1010.3,1013.7,86.2,56.9,62.0,77.3,80.4,136.9,80.1,99.4,129.9
1990-06,471,22.78,26.67,28.98,27.72,26.69,25.00,27.93,1012.4,1013.7,1.2,0.3,0.0,0.0,3.1,24.4,4.0,34.0,111.5
1990-07,355,21.40,25.90,29.07,27.51,27.26,23.65,27.38,1012.8,1014.6,5.4,7.7,8.8,6.7,32.3,86.9,72.2,193.7,158.2
1990-08,322,20.71,25.30,29.09,27.12,27.72,22.86,27.16,1013.5,1014.4,6.0,23.2,5.8,19.7,26.3,56.5,46.8,18.7,55.0
1990-09,273,20.15,25.16,29.06,27.03,28.22,22.98,27.23,1013.3,1014.4,117.7,114.5,131.1,161.4,142.0,107.7,136.2,77.9,51.2
1990-10,285,20.43,24.99,29.20,27.08,28.18,23.45,27.52,1010.9,1014.1,129.9,204.2,130.7,186.8,181.6,157.7,155.4,65.5,34.1
1990-11,309,21.32,25.02,29.16,26.89,27.57,24.04,27.68,1009.1,1011.2,147.1,185.0,134.3,140.6,153.6,145.7,171.2,73.6,42.2
1990-12,368,22.73,25.28,29.12,27.04,26.78,24.84,27.72,1007.7,1010.7,213.2,199.9,255.7,252.7,260.1,291.5,240.5,245.8,166.9
1991-01,587,24.31,25.84,28.91,27.12,25.80,25.48,27.73,1006.3,1011.8,425.7,520.9,432.7,447.9,423.4,346.8,404.5,313.5,253.0
1991-02,649,25.97,26.44,28.74,27.18,25.41,26.37,27.88,1006.5,1011.2,286.9,350.8,270.5,268.1,269.9,252.6,234.7,181.0,133.3
1991-03,696,26.44,27.11,28.72,27.44,25.21,27.04,28.29,1009.5,1011.5,334.0,308.8,333.9,362.4,388.0,394.0,466.6,375.8,361.2
1991-04,786,25.45,27.65,29.04,28.13,25.49,27.09,28.70,1009.9,1010.7,83.7,127.4,132.8,191.2,208.1,229.7,251.0,183.9,162.8
1991-05,702,24.23,27.57,29.42,28.29,25.96,26.51,28.70,1012.6,1011.9,44.2,97.7,29.5,58.8,90.3,187.8,136.9,191.7,220.8
1991-06,592,23.12,27.28,29.40,28.27,26.23,25.04,28.20,1013.3,1013.8,0.7,0.6,0.0,0.0,5.0,32.7,13.8,48.5,109.8
1991-07,410,22.52,26.66,29.42,28.09,26.66,23.62,27.63,1013.4,1014.2,0.3,0.2,1.8,1.3,0.6,5.9,1.4,7.1,70.5
1991-08,323,21.46,25.82,29.31,27.72,27.16,22.89,27.23,1014,1014.5,0.0,0.0,0.3,0.0,2.9,6.3,7.3,10.1,13.0
1991-09,279,21.36,25.36,29.23,27.35,27.71,22.65,27.21,1013.3,1012.9,54.5,65.6,57.6,107.6,112.7,97.1,47.4,56.2,17.3
1991-10,273,21.72,25.69,29.48,27.71,27.65,23.00,27.50,1011.1,1011.9,158.1,108.2,143.2,121.7,170.2,165.0,156.4,77.4,27.0
1991-11,329,22.42,26.08,29.43,27.98,27.22,23.44,27.71,1010.1,1011.9,182.8,191.0,251.7,246.9,247.1,144.8,279.4,56.8,28.2
1991-12,412,23.72,26.46,29.33,28.29,26.56,24.56,27.79,1008.5,1008.7,258.9,236.2,267.5,299.1,309.6,219.8,233.2,163.1,101.7
1992-01,517,25.15,26.98,28.97,28.40,25.82,25.35,27.75,1010.1,1009.2,334.8,441.0,313.6,469.4,415.0,312.1,273.2,225.7,240.7
1992-02,685,26.87,27.57,29.02,28.52,25.40,26.17,28.03,1007.7,1010.3,286.4,421.7,286.6,343.3,320.2,274.2,266.2,278.2,269.1
1992-03,692,27.61,28.16,28.95,28.65,25.31,26.39,28.37,1010.5,1010,310.6,301.2,241.8,370.7,358.4,319.1,294.4,282.2,393.1
1992-04,694,27.38,28.67,29.14,29.04,25.62,26.14,28.78,1011,1011.1,168.2,160.7,162.8,196.1,231.8,207.5,181.3,199.8,141.9
1992-05,649,26.33,28.39,29.34,29.00,26.21,25.24,28.71,1011.1,1012.8,15.9,8.5,31.1,30.5,30.6,54.3,45.2,45.5,64.0
1992-06,453,24.05,27.29,29.25,28.51,26.54,23.90,28.00,1012.5,1012.1,0.0,0.6,0.0,1.1,6.1,47.3,15.3,26.6,53.1
1992-07,347,22.18,25.91,29.25,27.76,26.99,22.96,27.40,1014.9,1014.6,0.0,0.0,0.0,0.0,2.3,17.0,5.2,29.8,9.5
1992-08,293,21.08,25.22,29.05,27.10,27.44,22.32,26.95,1012.8,1014.7,15.0,22.1,18.0,12.7,13.0,25.1,31.0,30.0,21.9
1992-09,269,21.05,24.99,28.91,26.86,27.81,22.36,27.06,1011.2,1013.7,167.6,160.9,104.0,142.1,141.4,96.8,107.4,55.6,26.0
1992-10,289,21.27,24.88,28.83,26.67,27.73,22.61,27.26,1011.2,1011.3,176.3,148.4,200.7,201.3,195.9,140.8,153.4,13.7,1.7
1992-11,329,21.78,24.92,28.80,26.68,27.28,23.16,27.44,1009.5,1011.3,246.2,205.1,264.7,268.1,226.1,145.0,212.7,125.9,63.5
1992-12,470,22.95,25.16,28.81,26.75,26.38,24.04,27.45,1007.3,1009.7,364.2,328.2,403.8,423.1,410.9,333.8,252.4,160.5,153.2
1993-01,514,24.68,25.70,28.75,26.87,25.77,25.14,27.51,1006.8,1009.5,127.8,148.6,132.5,205.9,290.3,323.7,215.5,249.8,249.2
1993-02,658,26.42,26.87,28.42,27.24,25.30,26.18,27.76,1006.4,1009.3,533.8,409.9,436.2,443.2,470.6,474.1,410.1,506.0,385.5
1993-03,708,26.88,27.64,28.49,27.78,25.28,26.77,28.18,1010.1,1012.5,124.5,106.4,117.5,173.4,248.7,288.6,206.6,235.5,254.0
1993-04,653,26.60,28.43,28.79,28.62,25.71,26.91,28.65,1011.4,1011.2,78.3,92.1,66.7,96.5,158.1,212.8,163.2,183.1,210.1
1993-05,575,25.44,28.31,29.08,28.87,26.26,25.93,28.62,1012.4,1013,15.1,17.4,14.6,30.5,56.1,95.6,54.0,103.9,155.9
1993-06,463,24.07,27.12,29.12,28.28,26.70,24.72,28.04,1013.9,1013.1,17.6,8.5,0.6,0.7,4.6,13.2,12.5,25.8,52.2
1993-07,348,22.69,26.08,29.07,27.59,26.90,23.68,27.41,1013.5,1012.8,0.0,0.0,0.0,0.0,0.8,17.8,2.2,25.8,95.9
1993-08,292,21.52,25.36,28.96,27.03,27.35,22.96,27.04,1015.1,1014.6,49.1,72.7,23.8,31.2,54.4,84.1,82.8,140.5,68.8
1993-09,277,21.05,25.25,29.07,27.19,27.86,23.44,27.20,1013.4,1014.5,74.5,41.9,77.2,74.6,100.4,76.7,96.5,63.2,25.3
1993-10,283,21.58,25.28,28.84,27.03,27.83,23.80,27.44,1012,1012.7,175.7,205.4,140.3,190.7,187.4,195.4,207.4,160.1,49.3
1993-11,309,22.10,25.23,28.92,26.89,27.21,24.56,27.75,1009,1011.9,177.4,220.3,170.1,179.9,188.1,294.6,190.2,202.6,142.1
1993-12,416,23.14,25.44,28.82,26.93,26.37,25.19,27.70,1007,1010.8,399.8,421.3,341.4,336.4,318.2,402.0,254.6,252.5,205.9
1994-01,619,24.64,25.96,28.55,26.86,25.46,25.73,27.67,1006.7,1010.8,358.5,370.9,361.1,389.1,419.9,504.4,300.3,341.9,236.8
1994-02,725,25.93,26.46,28.24,27.00,25.04,26.46,27.78,1006.5,1011.2,198.6,348.5,270.9,332.3,310.7,421.9,190.7,323.9,341.7
1994-03,776,25.83,26.98,28.52,27.49,25.01,27.19,28.18,1009.4,1011.4,356.0,365.8,294.8,336.0,322.3,418.4,282.8,439.0,408.9
1994-04,752,24.82,27.38,28.84,28.17,25.33,27.16,28.56,1010.8,1010.4,118.7,180.0,97.1,148.4,187.2,332.3,179.3,220.3,278.1
1994-05,730,23.79,27.27,29.17,28.36,25.68,26.28,28.43,1012,1012,42.2,29.6,42.7,33.3,61.7,151.9,106.5,173.4,254.0
1994-06,514,22.53,26.62,29.27,28.08,26.04,24.71,27.91,1012.9,1012.8,23.0,44.8,18.5,25.6,54.6,111.4,108.3,100.5,201.3
1994-07,438,21.39,25.65,29.42,27.64,26.59,23.32,27.31,1014.1,1012.4,6.8,7.0,2.5,2.9,4.8,20.0,15.8,28.7,41.1
1994-08,336,20.37,25.03,29.52,27.44,27.29,22.89,27.07,1014.9,1013.9,0.0,0.4,0.0,0.0,9.6,26.7,20.5,72.1,22.0
1994-09,288,20.60,24.97,29.36,27.13,27.67,22.75,27.07,1013.5,1013,29.1,24.5,26.6,49.1,81.9,78.2,79.8,79.5,83.3
1994-10,280,21.79,25.54,29.47,27.44,27.80,23.12,27.52,1011.9,1012.5,132.9,186.2,107.8,129.6,139.1,142.4,157.4,168.0,143.8
1994-11,292,22.32,25.98,29.55,27.87,27.37,24.01,27.87,1009.8,1011.8,270.7,207.4,227.9,192.4,226.1,191.4,225.1,184.6,58.0
1994-12,406,23.77,26.16,29.51,27.94,26.42,24.63,27.89,1009.3,1010.5,381.1,328.6,349.1,321.4,350.5,279.4,180.1,198.0,76.0
1995-01,632,25.39,26.52,29.13,27.68,25.89,25.64,27.91,1007,1010.6,310.3,306.1,343.4,377.0,373.8,320.7,291.5,222.4,155.7
1995-02,722,26.22,26.92,29.02,27.58,25.47,26.86,28.10,1007.8,1011.8,266.6,302.1,250.0,382.4,388.6,385.8,291.9,315.6,237.6
1995-03,715,26.20,27.23,29.07,27.80,25.60,27.63,28.40,1007.2,1011.8,235.2,235.9,180.1,285.0,286.8,330.0,323.6,264.5,227.4
1995-04,752,24.77,27.33,29.13,28.17,26.19,27.55,28.63,1009.6,1010.3,214.4,257.1,197.6,217.2,268.5,414.0,270.0,292.8,312.7
1995-05,754,23.60,26.81,29.36,28.00,26.76,26.58,28.51,1011.6,1012.1,103.8,105.7,105.4,87.7,127.2,225.3,188.1,229.0,380.5
1995-06,685,22.53,26.36,29.16,27.77,27.05,25.33,28.10,1013,1014,1.3,1.6,0.0,0.4,2.5,16.7,4.3,27.1,68.1
1995-07,449,21.37,25.50,28.97,27.20,27.49,23.93,27.55,1012.7,1014.3,0.0,0.0,0.0,0.0,4.2,11.4,11.7,21.2,39.4
1995-08,344,20.61,24.46,28.69,26.50,28.07,22.96,27.10,1013.2,1015,0.2,0.4,0.0,0.6,2.4,11.2,5.1,18.9,12.1
1995-09,286,20.48,24.11,28.53,26.11,28.36,22.86,27.11,1012,1014.9,35.9,18.0,67.6,52.1,64.0,50.2,60.9,61.6,25.1
1995-10,271,20.61,24.22,28.48,25.96,28.49,23.17,27.29,1010.2,1012.9,107.3,80.1,134.4,132.7,132.7,98.8,110.2,58.9,21.2
1995-11,294,21.63,24.23,28.32,25.79,28.06,23.82,27.46,1008.8,1011.9,236.5,251.7,172.1,252.3,247.0,281.8,252.5,218.1,141.0
1995-12,429,22.28,24.42,28.17,25.82,27.33,24.52,27.43,1007.5,1010,219.1,220.7,248.6,290.1,312.5,371.1,183.7,195.4,114.0
1996-01,575,24.02,25.03,27.97,25.87,26.68,25.60,27.48,1005.7,1011.9,244.6,256.6,210.0,262.9,285.3,318.9,235.9,281.9,309.2
1996-02,580,25.77,25.85,27.81,26.07,26.16,26.84,27.72,1006.2,1010.9,154.6,193.2,165.4,217.8,235.9,271.6,212.2,167.0,232.5
1996-03,685,26.32,26.86,28.04,26.76,25.95,27.29,28.16,1007.4,1012.7,283.5,292.8,229.7,281.3,319.2,350.9,273.5,315.1,529.7
1996-04,710,24.33,27.00,28.26,27.52,26.24,27.43,28.46,1009,1012.4,145.0,161.1,153.7,192.5,230.2,300.6,255.9,248.9,490.3
1996-05,709,23.42,26.71,28.62,27.75,26.59,26.68,28.32,1012.2,1014,66.0,38.8,63.0,37.0,61.3,128.6,66.9,152.3,160.9
1996-06,513,21.69,26.05,28.70,27.54,26.82,25.47,27.91,1012.4,1015.3,3.3,4.2,17.7,40.4,44.1,10.4,3.8,7.1,31.6
1996-07,376,21.00,25.39,28.60,27.10,27.15,24.22,27.41,1012.5,1014.5,0.0,0.0,0.0,0.0,1.1,17.6,1.6,36.2,53.9
1996-08,312,20.24,24.89,28.63,26.79,27.74,23.39,27.11,1012.4,1015,27.2,22.0,24.3,23.1,35.0,57.2,45.7,36.6,79.0
1996-09,269,20.29,24.62,28.55,26.50,28.17,23.13,27.16,1010.3,1013.8,42.4,51.8,30.2,43.9,57.6,74.0,82.3,34.2,27.6
1996-10,275,20.52,24.58,28.56,26.48,28.01,23.31,27.33,1009.7,1013.5,149.3,93.8,122.0,100.4,163.8,185.9,256.9,83.8,37.5
1996-11,352,20.76,24.65,28.59,26.42,27.34,23.77,27.46,1008.4,1011.3,244.6,273.5,170.1,216.4,227.1,243.5,184.5,166.4,149.6
1996-12,374,21.90,24.43,28.54,26.15,26.77,24.29,27.38,1005.6,1010.7,223.1,253.6,196.6,161.8,220.5,201.6,234.2,233.8,137.9
1997-01,578,23.94,24.97,28.41,26.16,26.19,24.83,27.38,1007.3,1012.6,329.7,380.2,319.1,327.2,344.6,348.1,490.4,343.9,415.5
1997-02,630,26.16,25.83,28.45,26.49,25.60,25.76,27.63,1004.8,1012.2,177.8,200.6,189.4,261.7,234.3,242.9,208.4,163.8,313.5
1997-03,728,27.07,26.91,28.64,27.03,25.33,26.26,28.16,1008.6,1011,373.6,351.2,309.8,340.1,349.4,421.9,329.7,432.0,416.7
1997-04,763,26.50,27.53,29.31,28.01,25.99,26.03,28.63,1011.9,1012.8,120.9,143.3,115.1,177.5,205.2,260.8,185.0,186.0,438.7
1997-05,698,26.40,27.90,29.51,28.52,26.44,25.22,28.64,1011.9,1010.7,22.8,31.3,20.3,24.4,33.1,73.7,48.9,90.9,168.1
1997-06,500,25.92,28.02,29.35,28.82,26.88,24.02,28.29,1014.7,1012.9,46.7,36.7,36.7,24.6,15.1,7.8,7.2,11.7,14.3
1997-07,372,25.36,27.74,29.46,28.75,27.38,23.17,27.85,1014.3,1013.7,0.0,0.0,0.0,0.0,0.0,2.3,0.7,2.6,15.2
1997-08,305,24.70,27.59,29.35,28.70,27.80,22.69,27.63,1015.1,1013.7,0.0,0.0,0.0,0.0,14.0,23.9,41.4,43.2,31.3
1997-09,270,24.52,27.65,29.46,28.85,28.18,22.90,27.76,1014.7,1014.5,54.1,33.3,104.0,83.4,130.1,76.9,178.1,58.3,7.1
1997-10,269,24.67,28.01,29.43,29.08,28.48,23.75,28.12,1013.4,1013.4,178.9,146.3,101.0,122.0,138.3,84.1,108.4,74.3,48.2
1997-11,276,25.76,28.29,29.44,29.11,28.00,24.65,28.42,1011.4,1012.2,186.1,221.8,132.9,236.4,183.0,182.0,205.1,77.4,63.9
1997-12,356,27.02,28.44,29.23,28.96,27.00,25.55,28.54,1008.6,1010.3,263.8,235.7,235.9,204.6,235.2,189.6,260.8,160.5,60.2
1998-01,413,28.01,28.67,28.98,28.93,26.22,26.36,28.56,1007.8,1007.2,244.5,261.0,256.4,270.6,299.1,266.6,324.2,233.5,243.4
1998-02,439,28.83,28.82,28.86,28.77,26.10,27.01,28.76,1010.2,1010.7,319.5,321.1,181.5,222.2,195.1,189.4,214.8,214.9,263.7
1998-03,560,29.12,29.15,28.65,28.68,26.13,27.40,29.01,1010,1008.7,172.3,180.4,179.1,174.2,233.6,300.6,314.8,302.4,331.5
1998-04,567,28.23,29.24,28.59,28.72,26.48,27.29,29.22,1011.1,1010.4,101.3,83.4,45.1,77.8,89.6,171.6,122.8,192.3,228.6
1998-05,464,27.18,28.68,28.90,28.63,27.13,26.48,29.08,1011.5,1013.2,13.2,14.1,49.7,37.7,61.1,127.6,91.2,138.1,241.3
1998-06,385,25.33,27.11,28.63,27.57,27.40,25.30,28.35,1012.1,1014.6,1.5,3.4,0.1,0.2,3.8,25.8,9.1,33.6,35.8
1998-07,298,23.41,25.71,28.42,26.55,27.88,24.26,27.75,1012.6,1015.6,0.8,1.9,0.5,3.8,2.4,30.1,14.5,40.6,74.5
1998-08,258,22.11,24.76,28.10,25.82,28.35,23.22,27.35,1012.7,1016.1,0.8,1.0,1.1,2.0,17.3,26.4,38.8,73.5,34.0
1998-09,237,21.25,24.24,28.10,25.72,28.60,23.15,27.34,1011.6,1015.9,18.6,16.0,60.5,48.4,69.7,66.2,96.6,51.0,46.3
1998-10,244,21.56,24.36,27.70,25.55,28.46,23.36,27.45,1009.6,1014.3,169.7,165.6,145.8,167.3,190.8,144.7,142.2,73.2,35.3
1998-11,316,21.64,24.59,27.51,25.57,27.89,24.12,27.55,1007.3,1012.2,297.6,320.6,232.8,318.5,330.0,224.4,301.6,244.9,92.2
1998-12,386,23.01,24.45,27.24,25.20,27.01,24.57,27.38,1005.9,1011.9,322.7,330.9,195.9,287.3,317.2,240.9,231.7,193.4,122.6
1999-01,484,24.18,24.74,26.88,25.13,25.77,25.28,27.33,1004.9,1012.6,237.6,281.2,272.7,217.7,266.2,307.5,220.3,185.0,206.6
1999-02,483,25.71,25.81,26.86,25.64,25.42,26.31,27.59,1006.2,1012.2,219.5,223.6,213.5,205.5,209.7,260.7,205.8,222.3,228.3
1999-03,637,26.18,26.88,27.30,26.51,25.49,27.00,28.08,1006.3,1011.9,218.2,200.5,197.4,198.4,262.8,391.0,328.1,350.3,379.1
1999-04,636,24.66,26.95,27.76,26.97,25.80,27.23,28.24,1008.7,1013.2,39.1,34.0,67.2,60.2,110.1,247.6,181.3,228.4,342.9
1999-05,562,23.84,26.58,28.20,27.05,26.27,26.43,28.16,1012.1,1013.8,14.8,9.0,36.2,33.9,85.6,206.2,157.6,250.3,263.5
1999-06,512,22.41,25.81,28.20,26.70,26.61,25.11,27.66,1013.1,1014.3,0.1,0.1,0.6,0.1,3.7,22.1,11.9,38.8,88.9
1999-07,350,21.78,25.11,28.02,26.36,27.27,24.19,27.22,1013.2,1015,0.1,0.1,0.0,0.0,0.5,4.4,0.9,5.1,24.4
1999-08,278,20.86,24.44,27.96,25.85,27.87,23.33,26.88,1014,1015.9,0.0,0.0,0.0,0.0,2.0,9.1,4.4,15.5,35.7
1999-09,242,19.84,24.07,28.06,25.88,28.25,23.07,26.92,1012.4,1014.7,58.7,68.6,88.7,88.7,80.5,102.8,109.9,116.4,59.0
1999-10,251,20.22,23.89,28.04,25.70,28.15,23.45,27.10,1010.3,1014.8,128.6,113.8,135.4,141.0,154.3,103.0,131.6,72.5,101.1
1999-11,317,20.51,23.80,27.72,25.34,27.70,24.01,27.23,1008,1012.9,218.6,261.0,249.2,277.5,236.9,218.8,250.0,178.4,109.1
1999-12,396,22.29,23.90,27.43,25.12,27.17,24.92,27.25,1006.6,1012.7,331.0,351.2,309.6,307.5,324.5,213.9,343.5,204.4,195.5
2000-01,594,23.80,24.23,27.23,25.00,25.98,25.62,27.23,1006.7,1012.3,309.4,289.9,305.8,342.0,335.5,296.5,360.2,287.5,420.0
2000-02,684,25.47,25.51,26.98,25.42,25.37,26.72,27.50,1006.6,1013.9,308.5,266.4,249.9,281.6,290.8,347.0,373.9,287.5,361.5
2000-03,797,25.83,26.81,27.08,26.35,25.39,27.08,27.94,1007.4,1013.1,232.1,178.1,260.6,209.0,249.4,362.0,283.4,274.4,471.9
2000-04,794,25.42,27.41,27.52,27.01,25.60,27.06,28.42,1008.6,1012.8,112.5,102.3,99.6,75.2,124.7,221.6,170.7,192.2,422.1
2000-05,664,24.21,26.89,27.99,27.22,26.06,26.27,28.30,1011.7,1013.6,1.2,1.0,2.4,2.5,13.9,106.1,31.3,104.8,171.7
2000-06,479,22.72,26.06,28.25,27.07,26.45,24.96,27.71,1013.5,1013.9,0.0,0.0,0.0,0.0,1.8,33.9,6.2,65.2,136.5
2000-07,359,21.64,25.23,28.38,26.75,27.00,23.70,27.25,1013.1,1013.5,4.3,8.3,13.4,16.4,8.5,56.6,9.8,48.8,161.3
2000-08,316,20.31,24.68,28.30,26.43,27.68,23.19,27.05,1012.2,1014.7,14.6,4.2,29.7,19.1,32.9,71.8,46.0,37.5,22.7
2000-09,272,20.57,24.64,28.37,26.34,27.91,23.02,27.14,1012,1016,79.8,81.8,69.6,99.9,146.6,175.8,189.0,93.0,105.3
2000-10,294,20.78,24.62,28.27,26.08,28.06,23.38,27.33,1009.1,1013.8,129.2,105.0,153.6,94.3,153.1,131.3,205.7,157.6,84.5
2000-11,366,20.84,24.57,28.09,26.02,27.44,23.90,27.50,1006.5,1012.9,230.7,240.2,311.3,207.8,303.8,224.7,262.1,142.0,105.3
2000-12,536,22.18,24.78,27.80,25.88,26.22,24.45,27.43,1004.9,1009.8,287.9,278.2,311.3,286.5,312.3,263.6,331.0,272.5,85.5
2001-01,580,24.15,25.40,27.54,25.98,25.50,25.44,27.44,1007.2,1013.4,192.8,209.7,276.9,205.5,261.8,351.7,313.6,325.2,390.5
2001-02,595,25.72,26.31,27.52,26.31,25.16,26.29,27.73,1003.5,1010.8,140.9,167.6,149.9,194.1,192.5,237.8,235.1,188.9,291.6
2001-03,692,26.73,27.32,27.82,26.96,25.41,26.98,28.32,1007.9,1012.8,243.5,232.5,228.3,185.0,260.3,373.1,291.4,233.7,345.3
2001-04,690,26.00,27.54,28.25,27.46,25.65,27.03,28.65,1009.4,1011.7,72.6,92.7,81.5,162.3,136.2,230.4,146.6,206.5,255.1
2001-05,699,24.06,27.22,28.70,27.75,26.14,26.47,28.49,1012.2,1012.5,24.6,33.0,29.0,38.4,61.1,143.0,132.0,155.8,191.9
2001-06,477,22.75,26.50,29.00,27.66,26.61,25.07,28.02,1012.2,1013.5,0.5,1.2,1.1,3.2,12.5,46.0,44.5,94.4,212.3
2001-07,390,21.48,25.69,29.13,27.38,27.24,23.69,27.48,1013.4,1013.8,1.6,0.7,6.5,7.7,9.0,24.7,10.3,29.3,47.0
2001-08,305,20.30,24.99,29.05,26.88,27.77,23.01,27.16,1013.3,1013.7,12.6,5.2,9.0,15.5,14.7,24.7,21.9,8.5,4.5
2001-09,258,19.98,24.51,29.16,26.71,28.27,22.84,27.26,1011.8,1014.5,48.9,49.6,71.6,75.8,98.3,105.1,144.5,47.8,50.6
2001-10,273,20.13,24.64,29.12,26.70,28.09,23.32,27.52,1009.9,1012.5,167.3,113.9,175.8,168.1,197.2,125.7,206.7,48.0,42.3
2001-11,294,21.07,24.51,28.92,26.50,28.03,23.88,27.61,1008.4,1012.7,256.2,245.0,275.3,294.5,255.3,189.8,229.1,79.3,37.2
2001-12,445,22.12,24.70,28.71,26.28,27.32,24.39,27.59,1007.7,1009.6,297.6,313.5,299.6,299.6,327.8,302.8,315.4,122.1,93.3
2002-01,612,24.19,25.25,28.75,26.55,26.54,25.28,27.67,1007.2,1012.4,259.2,256.1,301.7,240.8,285.7,291.1,306.2,286.7,283.0
2002-02,594,26.35,26.19,28.70,26.85,25.91,26.10,27.89,1006.6,1012.8,239.5,327.1,282.9,260.9,271.5,239.3,212.1,146.1,177.7
2002-03,579,27.15,27.35,28.70,27.40,25.91,26.95,28.41,1009.1,1011.9,193.3,236.4,228.6,285.3,230.0,239.0,228.8,219.3,271.3
2002-04,592,26.09,27.67,29.14,27.97,25.96,27.11,28.79,1010,1011.8,56.9,49.4,57.3,76.8,123.5,201.5,228.2,326.4,472.7
2002-05,532,25.14,27.59,29.61,28.35,26.15,26.42,28.67,1012.1,1011.8,22.4,28.1,37.2,29.6,76.2,156.7,139.0,203.4,194.1
2002-06,498,23.66,27.27,29.63,28.50,26.47,24.92,28.24,1013.1,1013.4,5.6,0.6,1.0,0.2,3.8,39.0,7.1,62.0,160.8
2002-07,328,21.93,26.35,29.61,28.09,26.90,23.64,27.66,1014.6,1014.5,16.4,9.7,5.1,7.3,21.3,24.6,46.6,31.7,41.7
2002-08,276,20.84,25.76,29.48,27.82,27.58,22.88,27.35,1013.7,1013.1,4.9,4.8,0.5,0.3,5.4,15.0,14.2,19.3,18.7
2002-09,246,20.88,25.82,29.43,27.86,27.93,22.77,27.43,1013,1014.3,46.4,33.5,66.2,53.9,72.1,124.1,83.6,69.1,21.3
2002-10,252,21.56,25.98,29.51,28.01,28.19,23.26,27.76,1010.5,1012.5,133.7,96.9,185.1,186.7,160.0,161.4,149.2,137.1,38.2
2002-11,290,22.63,26.35,29.66,28.14,27.54,23.61,28.05,1009.8,1012,147.9,185.2,198.7,261.4,200.9,160.3,175.5,121.6,101.8
2002-12,339,23.59,26.45,29.47,28.01,26.61,24.67,28.12,1009.1,1010.5,263.9,314.5,331.4,295.3,252.9,194.1,209.6,116.0,144.7
2003-01,308,24.62,26.43,28.97,27.44,25.91,25.78,28.00,1006.9,1010.9,301.2,393.7,340.8,406.6,315.4,200.2,285.4,189.9,120.9
2003-02,498,26.01,26.95,28.89,27.55,25.51,26.90,28.18,1006.6,1009.6,227.3,190.2,271.1,185.7,278.3,299.3,257.2,460.5,421.7
2003-03,626,26.61,27.50,28.96,27.79,25.43,27.49,28.56,1008.5,1011.2,252.6,299.5,268.2,316.6,295.5,294.1,279.8,243.1,337.7
2003-04,710,25.14,27.26,29.06,27.83,25.76,27.17,28.79,1010.5,1012.2,103.1,126.7,103.0,183.2,151.6,196.3,260.3,202.7,287.9
2003-05,675,23.10,26.59,29.04,27.57,26.14,26.21,28.44,1011.5,1012.2,27.1,16.3,69.9,61.3,75.4,107.6,98.6,76.4,146.2
2003-06,404,22.17,26.30,29.18,27.65,26.62,24.85,28.02,1013,1012.6,0.0,0.1,0.2,0.7,9.2,46.0,11.8,86.3,178.7
2003-07,372,21.27,26.05,29.18,27.57,27.30,24.08,27.61,1013.4,1014.8,0.0,0.0,0.0,0.0,0.5,8.4,0.4,20.6,67.1
2003-08,388,21.03,25.46,29.08,27.18,28.13,23.58,27.36,1013,1014.4,0.5,0.5,4.3,4.2,30.5,67.1,75.1,112.2,81.8
2003-09,342,20.46,25.16,29.13,27.10,28.63,23.41,27.47,1012.1,1014.3,36.1,53.3,25.9,53.8,58.9,79.8,80.2,82.6,82.0
2003-10,333,21.25,25.46,29.29,27.26,28.65,23.75,27.78,1010.3,1013,146.0,170.0,172.2,188.9,210.1,195.9,157.1,97.5,42.2
2003-11,392,21.89,25.83,29.24,27.20,27.99,24.40,27.96,1009.3,1011.8,219.0,187.6,217.4,182.1,210.8,153.2,286.5,106.5,94.8
2003-12,521,23.08,26.04,29.10,27.10,27.30,25.15,27.92,1006.2,1011.7,252.9,240.6,241.2,184.8,242.0,215.0,223.9,117.2,59.3
2004-01,583,24.75,26.20,28.85,26.95,26.47,25.83,27.99,1007.6,1009.5,629.0,500.9,499.9,405.9,366.9,329.6,484.4,169.8,254.6
2004-02,695,26.39,26.84,28.66,27.06,25.90,26.45,28.09,1006.2,1012.7,455.9,465.9,342.0,383.6,396.2,427.0,314.4,209.5,357.0
2004-03,845,25.88,27.45,28.57,27.45,25.77,26.72,28.37,1006.8,1010.8,237.7,243.8,238.9,239.0,326.3,465.0,323.6,235.0,263.7
2004-04,858,25.46,27.69,28.76,28.00,26.32,26.40,28.73,1010.6,1010.9,183.4,189.2,154.5,163.8,166.7,164.9,188.3,132.0,234.0
2004-05,736,23.71,27.07,29.14,28.13,26.50,25.72,28.44,1010.6,1013.7,45.2,35.7,21.5,39.6,31.0,82.7,52.1,86.8,185.9
2004-06,506,22.55,26.54,29.22,27.93,26.88,24.58,27.88,1014.5,1013.7,0.4,0.2,0.4,0.0,6.9,48.8,23.1,56.2,80.0
2004-07,384,21.11,25.98,29.33,27.90,27.44,23.68,27.42,1013.9,1013.8,7.2,23.1,2.4,23.5,13.1,24.4,27.2,26.8,39.5
2004-08,323,20.55,25.47,29.37,27.70,28.20,23.17,27.20,1013.5,1014.2,6.0,9.4,8.3,10.9,10.6,37.7,38.7,29.6,44.0
2004-09,281,20.70,25.41,29.54,27.65,28.65,23.21,27.48,1013.1,1014.9,13.5,27.9,13.6,32.6,60.7,87.3,68.9,41.4,85.7
2004-10,289,21.31,25.57,29.58,27.57,28.54,23.20,27.69,1011.1,1013.7,183.4,143.9,247.8,207.0,201.0,160.4,215.8,91.5,164.1
2004-11,350,22.43,25.78,29.56,27.49,28.25,23.91,27.99,1009.2,1011,202.9,200.6,178.5,184.9,209.7,147.7,216.7,144.1,36.3
2004-12,397,23.46,26.01,29.51,27.46,27.56,24.90,28.06,1007.3,1009.3,206.7,269.4,239.5,268.2,228.0,223.9,189.2,186.1,139.9
2005-01,499,24.86,26.18,29.28,27.39,26.84,26.07,28.01,1006.3,1011.3,247.1,317.3,215.7,287.1,241.1,136.6,219.2,61.9,239.5
2005-02,633,25.49,26.57,28.95,27.33,26.52,27.03,28.11,1009,1007.4,249.7,220.7,273.1,275.9,209.0,178.2,163.9,89.8,341.7
2005-03,777,25.72,27.44,29.00,27.89,26.63,27.42,28.53,1008.5,1012.3,282.7,340.4,281.4,417.6,438.6,304.3,392.4,161.4,447.5
2005-04,788,25.43,27.86,29.07,28.24,26.75,26.97,28.78,1011.1,1011.9,93.3,101.0,89.9,130.3,118.8,95.3,118.3,66.0,269.6
2005-05,645,24.28,27.65,29.25,28.41,27.41,25.85,28.68,1012.3,1012.1,8.7,12.9,5.6,13.8,25.5,94.6,97.8,127.1,212.7
2005-06,498,22.56,26.89,29.18,27.96,27.82,24.41,28.11,1012.1,1013.6,4.7,6.9,0.1,0.7,1.8,36.9,8.0,43.8,59.7
2005-07,366,21.67,26.03,28.89,27.22,28.06,23.45,27.58,1013.2,1014.3,0.4,0.0,0.0,0.0,1.4,22.0,0.3,35.7,62.6
2005-08,294,20.64,25.42,28.93,27.02,28.46,22.98,27.34,1013.5,1014.1,2.5,7.0,3.1,11.8,4.0,12.5,2.0,11.2,10.9
2005-09,259,20.10,24.96,29.01,26.90, 28.75, 22.94, 27.32,1011.9,1015,66.4,118.6,51.6,126.9,90.6,124.2,50.6,33.1,11.3
2005-10,270,20.06,24.87,29.02,26.81, 28.57, 23.34, 27.57,1009.9,1014.8,83.5,135.6,77.8,114.1,119.6,131.5,81.0,26.7,13.3
2005-11,303,20.81,24.30,28.69,26.34, 27.95, 23.89, 27.61,1008.3,1011,234.9,182.5,224.0,146.9,194.2,207.0,136.1,46.9,24.2
2005-12,472,22.33,24.32,28.36,26.01, 27.32, 24.58, 27.56,1007.7,1011.1,367.5,282.5,362.0,369.6,377.2,393.4,225.9,317.6,505.8
2006-01,572,24.54,25.03,27.94,25.91, 26.38, 25.41, 27.51,1004.7,1012.1,198.1,203.9,187.6,178.3,204.3,215.8,160.7,298.6,408.0
2006-02,651,26.40,26.38,27.65,26.32, 25.77, 26.68, 27.81,1007.4,1011.9,197.4,282.4,215.8,241.6,229.0,200.0,265.0,324.6,379.1
2006-03,730,26.43,27.06,27.89,26.83, 25.73, 27.38, 28.20,1006.2,1012.7,248.9,253.8,263.1,223.1,206.4,201.9,281.7,373.4,462.9
2006-04,812,24.68,27.44,28.42,27.67, 26.23, 27.18, 28.56,1007.7,1011.6,101.4,198.6,64.5,163.5,163.8,145.3,309.7,359.4,489.6
2006-05,796,24.18,27.35,28.96,27.96, 26.73, 26.42, 28.59,1012.1,1012.4,25.8,43.0,4.5,16.8,28.1,114.6,121.2,270.1,284.2
2006-06,696,22.98,26.73,29.21,27.85, 27.03, 25.32, 28.14,1013.5,1013.8,7.1,1.6,1.1,2.0,2.1,28.8,4.8,44.1,47.7
2006-07,429,22.05,25.87,29.20,27.42, 27.30, 24.10, 27.57,1014.4,1014.1,7.9,2.9,0.1,0.6,1.0,23.3,2.8,19.0,42.5
2006-08,332,21.77,25.62,29.25,27.30, 28.05, 23.32, 27.37,1014.6,1013.9,9.3,8.1,9.7,7.0,4.0,18.0,15.3,13.3,28.3
2006-09,277,21.71,25.85,29.44,27.45, 28.60, 23.21, 27.51,1013.3,1014.6,75.2,53.1,67.9,68.7,71.0,70.4,55.4,98.9,139.4
2006-10,289,22.07,26.05,29.48,27.53, 28.64, 23.45, 27.75,1012.9,1013.3,254.8,285.7,238.0,236.1,149.5,55.1,128.5,72.9,54.1
2006-11,365,22.47,26.33,29.59,27.79, 28.03, 24.01, 28.06,1009.8,1013,216.0,145.3,163.7,151.8,126.9,97.8,159.2,118.9,253.4
2006-12,410,23.69,26.50,29.46,27.81, 27.09, 24.83, 28.14,1008.7,1011.6,291.5,324.2,304.9,319.5,244.7,101.2,139.5,161.2,83.0
2007-01,446,25.34,26.65,29.04,27.44, 26.33, 25.73, 28.02,1006.7,1009.6,328.9,280.1,323.4,246.3,134.1,94.3,61.3,110.2,72.5
2007-02,696,26.38,26.66,28.77,27.09, 26.11, 26.58, 28.10,1007.1,1011.2,388.9,365.1,450.1,386.7,334.8,226.4,138.1,338.8,413.6
2007-03,719,26.32,27.07,28.81,27.37, 25.84, 27.04, 28.36,1007.7,1011.3,96.1,156.9,100.4,183.6,133.3,173.4,67.8,252.3,455.7
2007-04,709,24.90,27.23,28.88,27.70, 26.26, 27.09, 28.69,1010.6,1012.3,103.4,155.7,89.0,132.6,83.4,130.8,75.9,230.0,370.6
2007-05,590,23.28,26.67,29.04,27.71, 26.42, 26.27, 28.47,1011.8,1012.8,11.2,12.4,4.6,7.4,24.7,73.0,50.2,120.2,160.1
2007-06,438,21.82,26.11,29.00,27.58, 26.82, 25.12, 28.04,1011.5,1013.2,0.3,1.8,0.5,4.2,13.5,26.5,23.4,42.3,114.1
2007-07,344,21.24,25.21,28.89,27.00, 27.21, 23.84, 27.41,1014.2,1014.4,10.0,18.4,10.1,15.1,14.4,32.9,1.2,32.6,56.0
2007-08,302,20.20,24.31,28.65,26.45, 27.68, 23.06, 27.06,1013.4,1015.4,0.0,0.1,0.1,1.9,12.0,22.6,19.2,29.8,73.6
2007-09,258,20.08,24.01,28.38,26.01, 28.03, 23.11, 27.03,1011.5,1014.2,12.8,10.0,4.9,16.8,17.8,47.2,12.0,11.5,30.1
2007-10,248,19.69,24.00,28.23,25.74, 28.05, 23.25, 27.16,1010,1014,93.8,130.9,84.1,120.8,91.8,43.4,65.0,65.0,126.3
2007-11,269,20.19,23.99,28.00,25.58, 27.63, 23.89, 27.19,1007.6,1012.2,147.2,185.6,147.4,156.0,179.3,125.0,158.9,74.3,114.0
2007-12,342,21.63,24.11,27.81,25.49, 26.76, 24.71, 27.23,1006,1012.5,213.9,193.2,243.4,216.5,236.9,178.1,194.5,224.4,194.6
2008-01,442,24.31,24.55,27.28,25.21, 25.97, 25.65, 27.19,1004.9,1012.5,321.6,329.1,267.6,248.1,269.6,245.7,375.9,272.7,216.4
2008-02,619,26.45,25.51,26.94,25.41, 25.41, 26.86, 27.42,1004.7,1013.8,465.2,425.0,451.9,369.6,236.0,172.6,223.2,229.7,307.0
2008-03,756,26.87,26.69,27.30,26.27, 25.48, 27.61, 27.97,1008.4,1014.3,237.9,228.0,195.3,248.7,202.7,374.4,117.8,424.3,498.3
2008-04,798,25.69,27.28,27.76,26.99, 25.67, 27.50, 28.29,1009.9,1013.1,156.1,97.0,153.9,101.7,59.6,147.5,19.0,212.6,412.7
2008-05,682,24.46,27.09,28.09,27.25, 26.28, 26.82, 28.24,1012.2,1013.3,17.3,22.1,29.2,32.2,41.0,93.4,108.1,168.4,231.2
2008-06,538,23.22,26.51,28.12,27.20, 26.81, 25.42, 27.82,1013.1,1014.9,17.6,23.1,3.7,19.0,7.0,21.0,0.9,23.8,97.0
2008-07,372,22.81,26.04,28.16,27.05, 27.39, 24.23, 27.44,1013.4,1014.7,1.7,1.6,0.7,0.6,1.1,6.5,0.6,9.4,53.5
2008-08,299,21.86,25.61,28.19,26.80, 28.08, 23.44, 27.26,1013.5,1016.6,14.0,4.3,7.2,30.5,25.8,34.0,21.9,47.2,47.1
2008-09,264,21.43,25.34,28.25,26.63, 28.61, 23.17, 27.33,1011.7,1016.4,39.6,54.0,31.1,45.8,57.3,74.2,97.8,99.9,81.6
2008-10,256,21.23,25.29,28.31,26.54, 28.56, 23.47, 27.54,1011,1016.1,90.8,129.2,84.0,112.9,101.0,116.5,100.3,129.2,124.4
2008-11,304,21.66,25.14,28.16,26.42, 27.92, 24.00, 27.59,1008.1,1013.6,197.4,214.0,204.0,206.0,248.7,207.4,151.3,81.2,50.9
2008-12,440,22.90,24.92,27.96,25.98, 27.22, 24.93, 27.53,1006.5,1012.6,301.8,279.0,316.9,314.7,303.1,254.6,308.0,252.9,261.2
2009-01,526,24.71,25.32,27.64,25.80, 26.20, 25.81, 27.50,1006,1012.4,266.8,206.2,247.2,203.5,211.8,234.9,185.0,264.1,274.5
2009-02,649,25.84,26.17,27.63,26.18, 25.43, 26.77, 27.70,1005.2,1012.9,324.2,309.8,352.9,225.9,239.5,279.7,285.7,300.3,304.2
2009-03,693,26.10,26.90,27.98,26.96, 25.42, 27.50, 28.15,1008.5,1012.5,241.0,204.0,232.3,203.0,272.9,408.8,365.2,431.4,395.8
2009-04,703,26.07,27.60,28.56,27.78, 25.84, 27.50, 28.60,1009.3,1012.7,281.5,193.4,324.4,255.3,253.3,237.9,306.7,301.9,521.5
2009-05,771,24.89,27.63,29.01,28.16, 26.07, 26.85, 28.69,1010.6,1011.6,19.9,17.6,16.8,38.3,112.0,199.1,239.9,294.1,425.3
2009-06,709,23.92,27.23,29.23,28.15, 26.58, 25.32, 28.32,1012.7,1013.6,35.2,12.5,28.2,17.4,28.4,79.7,42.0,88.5,188.2
2009-07,456,22.98,26.52,29.25,27.86, 27.33, 23.95, 27.79,1013.1,1014.3,0.1,1.3,1.7,1.8,6.0,32.1,9.9,24.6,60.4
2009-08,346,21.74,26.00,29.33,27.51, 27.87, 23.22, 27.54,1012.9,1013.8,23.3,33.9,14.4,18.6,37.5,40.4,51.3,52.7,4.9
2009-09,288,21.17,25.77,29.50,27.50, 28.37, 23.15, 27.56,1011.3,1014.3,101.9,79.7,112.8,93.2,106.0,99.2,121.7,100.5,9.1
2009-10,303,21.21,25.84,29.78,27.76, 28.43, 23.57, 27.87,1011.4,1011.9,158.8,128.2,139.0,103.4,146.7,169.8,177.8,161.0,30.2
2009-11,349,21.92,26.15,29.87,28.11, 27.91, 24.08, 28.08,1008.9,1010.8,203.1,192.2,215.5,276.9,223.9,146.7,81.9,44.9,25.6
2009-12,449,23.15,26.36,29.72,28.15, 27.07, 25.13, 28.17,1007.9,1010,319.0,264.9,276.1,292.0,283.3,249.0,176.1,212.5,280.1
2010-01,536,24.75,26.64,29.39,27.97, 26.51, 26.25, 28.15,1005.9,1008.2,243.0,340.2,236.7,403.1,359.3,312.3,193.3,238.3,328.7
2010-02,603,26.35,27.32,29.07,28.00, 26.48, 27.02, 28.34,1007.8,1009.3,279.2,288.6,306.9,264.8,249.2,249.8,234.5,202.4,262.5
2010-03,608,26.70,27.87,29.14,28.24, 26.77, 27.87, 28.79,1008.9,1010.9,215.2,274.1,234.5,293.9,259.7,221.8,195.0,213.3,224.4
2010-04,703,26.04,28.03,29.29,28.35, 27.23, 27.59, 29.14,1009.6,1013.8,66.5,54.7,76.1,50.9,128.9,216.7,243.3,275.4,327.8
2010-05,623,24.79,27.35,29.23,27.97, 27.66, 26.63, 28.83,1010.2,1013.1,3.0,20.9,3.3,14.7,27.8,68.9,54.9,87.2,202.6
2010-06,458,23.18,26.22,28.85,27.28, 27.97, 25.53, 28.20,1013.2,1014.6,2.5,2.0,3.2,2.9,8.0,62.5,21.3,46.4,79.6
2010-07,348,21.22,25.12,28.34,26.52, 28.29, 24.12, 27.48,1012.4,1016.5,11.1,3.9,3.2,1.4,0.7,31.6,0.0,28.0,54.0
2010-08,295,19.82,24.34,27.78,25.80, 28.59, 23.25, 27.02,1012.2,1016.8,0.0,0.0,0.0,0.1,3.5,10.8,7.8,26.3,44.1
2010-09,256,19.60,24.02,27.60,25.45, 28.92, 23.12, 27.02,1010.8,1017.3,5.0,5.2,2.6,4.9,14.4,56.6,28.2,49.2,22.7
2010-10,246,19.92,24.03,27.54,25.46, 28.77, 23.58, 27.14,1009.3,1015.2,123.4,169.4,132.0,191.1,156.1,132.6,132.6,46.2,14.0
2010-11,311,20.53,24.04,27.54,25.46, 28.28, 24.18, 27.31,1008.5,1013.9,266.0,225.4,279.6,263.6,210.4,179.6,119.5,109.1,123.4
2010-12,394,22.24,24.30,27.47,25.37, 27.62, 24.87, 27.22,1004.9,1013.7,319.8,234.8,344.7,317.6,271.0,270.7,180.6,164.2,161.6
2011-01,538,24.66,24.66,27.32,25.24, 26.72, 25.91, 27.22,1005.1,1013.7,436.7,319.2,463.1,413.3,357.5,351.3,298.5,410.2,397.6
2011-02,683,26.29,25.86,27.54,25.82, 26.03, 27.02, 27.60,1005,1014.3,234.6,249.0,243.8,275.7,325.9,398.7,289.6,292.1,317.8
2011-03,754,25.93,26.71,27.94,26.59, 26.04, 27.58, 28.05,1006.3,1014.2,276.4,176.0,279.7,212.7,266.1,310.6,282.4,263.7,267.6
2011-04,711,25.45,27.42,28.26,27.29, 26.37, 27.50, 28.44,1008.9,1014.3,116.7,124.0,117.7,154.9,156.8,215.7,217.3,289.7,372.9
2011-05,691,24.52,27.06,28.62,27.62, 26.92, 26.41, 28.40,1012,1013.9,2.5,7.0,5.3,4.3,29.8,149.1,88.8,165.9,230.4
2011-06,551,23.49,26.65,28.68,27.60, 27.57, 24.95, 27.94,1013.5,1014.7,7.5,21.1,2.9,9.2,9.0,27.1,15.3,34.4,63.6
2011-07,383,22.08,25.74,28.59,27.10, 27.69, 23.89, 27.42,1013.2,1015.8,0.0,0.0,0.0,0.0,4.7,19.9,8.9,30.5,43.9
2011-08,305,20.69,24.91,28.31,26.44, 28.23, 23.24, 27.10,1013.6,1015.6,0.0,0.1,0.0,0.0,13.9,39.2,37.9,54.7,41.4
2011-09,263,20.10,24.50,28.09,26.08, 28.43, 23.04, 27.07,1012.6,1016.9,25.7,25.1,18.1,26.6,26.0,40.9,3.5,19.6,15.8
2011-10,285,20.42,24.23,28.11,25.97, 28.25, 23.42, 27.30,1010.3,1014.4,132.1,206.6,98.3,211.4,228.2,160.5,190.6,107.3,55.9
2011-11,408,21.05,24.32,27.96,25.86, 27.78, 23.73, 27.45,1008.6,1013.6,177.7,229.7,216.6,251.3,319.8,298.7,323.3,231.6,80.7
2011-12,452,22.04,24.61,27.78,25.87, 27.11, 23.98, 27.35,1005,1013,217.7,256.6,248.9,235.5,228.0,210.4,164.2,80.5,32.0
2012-01,698,24.13,25.38,27.60,25.93, 26.15, 24.83, 27.32,1006,1012.4,297.9,251.9,302.5,328.9,421.0,468.0,377.5,350.3,205.1
2012-02,730,26.32,26.41,27.66,26.28, 25.62, 25.87, 27.65,1007.2,1012.3,163.7,124.3,172.2,94.3,215.8,254.4,230.4,236.1,260.0
2012-03,735,26.66,27.29,27.85,26.92, 25.32, 26.77, 28.03,1006.3,1010.8,193.4,139.3,192.6,105.2,228.1,313.2,263.3,353.3,463.1
2012-04,737,26.21,27.68,28.24,27.40, 25.87, 26.54, 28.54,1010.7,1012.2,42.0,53.7,61.6,48.4,88.3,132.9,84.5,127.4,167.6
2012-05,586,25.45,27.39,28.64,27.64, 26.39, 25.96, 28.55,1011.3,1012.6,42.2,25.6,33.8,25.4,47.4,93.8,86.2,97.1,146.2
2012-06,464,24.39,26.89,28.82,27.63, 26.87, 24.67, 28.09,1013.3,1013.2,13.2,9.3,5.4,2.9,21.7,40.3,33.8,53.9,59.6
2012-07,378,22.51,26.34,28.81,27.46, 27.47, 23.47, 27.60,1012.8,1013.5,0.2,0.1,0.0,0.0,9.7,30.8,28.8,56.0,38.1
2012-08,310,21.53,25.71,28.89,27.25, 28.00, 22.82, 27.38,1014,1014.9,0.2,0.1,0.3,0.0,5.5,8.9,14.0,20.1,9.2
2012-09,265,21.31,25.57,29.12,27.37, 28.51, 22.72, 27.42,1012.2,1015,35.3,41.4,26.1,34.5,37.6,49.6,31.3,48.1,27.5
2012-10,268,20.97,25.33,29.20,27.28, 28.53, 22.98, 27.63,1010.8,1014.1,100.7,66.1,82.1,67.0,132.4,170.4,82.1,92.6,127.1
2012-11,320,21.31,25.28,29.12,27.10, 28.34, 23.67, 27.86,1009.3,1012.8,250.1,214.9,189.9,182.7,218.5,213.5,144.9,91.3,16.0
2012-12,396,22.40,24.90,28.73,26.45, 27.40, 24.66, 27.81,1007.7,1010,173.2,109.4,145.3,117.0,161.7,201.2,153.2,184.8,232.0
2013-01,536,24.47,25.11,28.45,26.15, 26.34, 25.71, 27.76,1005.8,1010,407.9,246.9,343.7,205.8,209.2,248.3,276.1,225.0,362.8
2013-02,663,25.94,26.03,28.11,26.39, 25.84, 26.51, 27.97,1007.2,1011,232.2,167.1,154.7,116.5,222.0,269.5,175.9,241.8,251.1
2013-03,687,26.07,27.08,27.96,26.96, 26.14, 27.02, 28.41,1007.2,1013.2,316.7,188.8,288.7,270.1,308.8,352.6,194.9,318.1,344.2
2013-04,691,24.63,27.43,28.41,27.70, 26.34, 27.09, 28.75,1009.7,1012.1,169.9,139.7,185.3,178.1,195.9,233.5,155.1,217.8,363.7
2013-05,658,23.45,26.88,28.70,27.83, 26.82, 26.39, 28.45,1010.8,1013.5,18.1,19.2,11.7,20.1,64.5,141.8,142.5,260.0,287.4
2013-06,526,21.65,26.01,28.83,27.49, 27.03, 24.98, 27.90,1011.2,1014.1,19.6,14.2,21.0,12.9,17.5,62.8,32.1,87.0,111.0
2013-07,397,20.63,25.35,28.71,27.10, 27.40, 23.74, 27.36,1012.5,1014.7,0.9,1.9,0.0,0.1,7.9,52.1,24.7,80.3,132.9
2013-08,333,20.31,24.76,28.76,26.79, 28.05, 23.17, 27.17,1013.1,1014.7,0.1,0.0,0.4,0.0,4.7,31.6,11.3,30.7,26.0
2013-09,282,20.28,24.75,28.81,26.71, 28.62, 22.86, 27.28,1011.6,1014.6,32.2,37.9,33.0,44.2,60.1,81.8,64.2,88.6,79.7
2013-10,278,20.60,24.97,28.85,26.67, 28.48, 23.19, 27.52,1010.7,1013.3,170.4,154.7,111.8,140.6,161.9,127.6,136.7,110.6,73.4
2013-11,389,21.58,25.06,28.68,26.63, 27.69, 23.64, 27.75,1007.7,1012,200.9,173.2,162.6,186.3,177.5,194.7,89.1,130.6,137.6
2013-12,467,22.83,25.26,28.53,26.52, 26.86, 24.60, 27.74,1007.7,1011.3,227.0,209.8,211.7,223.3,251.5,201.2,161.5,93.1,137.2
2014-01,530,24.71,25.43,28.15,26.12, 25.94, 25.53, 27.64,1005,1012,128.2,59.8,133.0,130.3,213.0,168.9,143.1,104.5,178.5
2014-02,703,25.74,25.98,28.23,26.16, 25.38, 26.71, 27.79,1006,1010.3,259.4,155.7,283.5,213.6,253.4,293.1,336.5,330.8,387.9
2014-03,823,26.26,27.09,28.44,26.89, 25.28, 27.17, 28.27,1009.1,1010.6,200.3,183.4,195.4,179.4,278.2,201.7,341.7,387.9,332.0
2014-04,768,25.56,27.65,28.91,27.71, 25.63, 27.16, 28.77,1008.9,1012.3,87.8,133.0,106.4,77.4,128.9,139.8,196.6,237.3,305.1
2014-05,669,25.16,27.67,29.16,28.01, 26.03, 26.59, 28.88,1011.7,1013.9,6.7,7.2,4.3,14.3,31.2,96.1,50.5,109.6,131.1
2014-06,542,24.32,27.11,29.05,27.68, 26.47, 25.25, 28.40,1012.5,1013.5,5.1,21.0,0.2,4.5,4.9,20.4,6.5,39.7,72.4
2014-07,399,23.12,26.30,29.05,27.28, 26.91, 23.79, 27.70,1013.9,1014.4,4.3,1.6,3.2,2.0,1.0,6.3,0.2,4.3,16.9
2014-08,324,22.03,25.41,29.11,26.90, 27.54, 23.05, 27.45,1014.5,1014.4,0.1,0.7,0.1,1.5,3.0,16.6,2.9,27.7,69.0
2014-09,278,21.47,25.36,29.24,27.03, 28.22, 22.99, 27.50,1013.1,1014.2,42.3,26.6,39.3,29.5,59.5,46.0,72.8,80.5,55.2
2014-10,274,21.66,25.72,29.28,27.25, 28.38, 23.34, 27.79,1011.6,1013.2,28.2,24.2,40.2,51.4,133.6,101.2,207.0,215.5,81.7
2014-11,320,22.39,26.03,29.37,27.52, 27.73, 23.52, 27.97,1009.9,1011.3,117.5,59.4,142.0,100.6,170.4,156.5,200.5,219.9,141.2
2014-12,447,23.36,26.07,29.33,27.40, 26.84, 24.35, 27.95,1007.5,1009.9,222.7,96.2,263.8,161.6,203.5,139.8,176.4,88.9,38.1
2015-01,473,24.13,25.99,29.16,27.1,25.83,26.69,27.87,1006.5,1009.3,93.9,50.9,121.3,108.2,193.0,220.1,244.7,282.4,244.1
2015-02,,25.59,26.55,29.12,27.29,25.43,27.15,28.08,1007.8,1012.5,170.3,94.0,200.4,150.8,223.2,229.0,219.1,210.4,214.6
2015-03,,25.01,27.48,29.93,27.79,25.62,27.26,28.5,1008.9,1010.8,182.3,80.9,211.5,125.4,180.2,228.0,166.3,210.2,311.9
2015-04,,23.17,26.31,29.39,29.12,26,26.64,28.97,1010.5,1012.4,106.6,84.3,144.2,126.6,146.5,183.7,84.8,144.8,282.2
2015-05,,21.79,25.14,29.36,28.15,26.38,24.94,29.07,1013.1,1013,79.0,48.7,74.8,62.2,53.1,35.3,66.2,70.6,126.0
2015-06,515,21.03,24.53,29.06,27.53,26.91,23.63,28.57,1013.3,1013,0.8,3.8,0.8,0.4,0.5,11.5,1.3,13.0,55.3
2015-07,379,20.87,24.67,28.68,26.73,27.79,22.71,28.13,1015,1013.7,5.5,6.1,1.3,12.5,12.0,21.4,9.7,26.5,108.3
2015-08,,21.18,24.47,28.48,26.28,28.61,22.77,27.82,1014.8,1013.4,7.6,4.1,7.5,3.4,0.9,6.2,2.0,12.7,21.7
2015-09,268,21.68,24.58,28.26,26.11,28.76,23.3,27.96,1013.9,1013.3,28.0,9.4,12.4,15.2,12.7,17.7,6.7,11.1,12.5
2015-10,246,23.35,24.78,28.27,25.96,27.87,24.08,28.22,1013.8,1013.4,90.6,90.7,100.3,113.1,77.0,56.4,34.9,34.2,44.5
2015-11,265,25.75,25.61,28.35,26.1,26.87,25.15,28.58,1009.5,1011.6,177.9,139.5,168.4,145.6,139.9,100.2,118.0,63.7,22.7
2015-12,366,21.54,28.09,28.18,26.16,26.23,27.07,28.67,1007,1009.4,97.9,120.5,100.1,139.7,112.1,80.3,91.4,25.0,10.8
2016-01,652,23.73,26.37,28.24,26.25,27.14,26.04,27.43,1010.2,1010.6,419.9,300.1,536.7,501.9,453.5,249.5,374.6,189.7,162.4
2016-02,681,22.19,26.94,28.63,26.29,26.85,23.15,27.42,1008.6,1009.2,109.4,72.5,114.2,109.7,112.6,93.9,91.5,169.7,300.1
2016-03,725,21.43,26.72,29.01,27.42,28.54,23.57,27.36,1009.2,1012.3,215.5,217.8,207.9,248.4,270.4,256.8,295.1,341.3,448.5
2016-04,731,20.66,26.05,29.16,27.72,28.27,23.99,27.54,1010.8,1010.5,22.7,33.6,35.2,55.0,81.6,90.5,103.7,139.0,274.9
2016-05,688,20.31,25.14,29.1,27.85,27.85,24.46,27.7,1010.9,1010.7,23.9,17.3,17.3,12.7,15.4,33.5,41.0,83.0,143.5
2016-06,669,21.23,25.2,29.19,27.52,27.31,25.56,27.58,1012.2,1012.1,7.8,13.9,12.7,17.7,18.9,34.1,28.9,34.0,57.5
2016-07,658,22.27,25.78,29.17,27.11,26.26,26.27,27.54,1013.1,1014.4,0.0,0.0,0.1,0.1,0.2,12.6,0.6,18.0,90.9
2016-08,549,23.6,26.02,29.61,27.1,25.55,26.74,27.72,1007.4,1014.8,5.7,28.4,2.4,16.9,12.3,22.5,6.6,12.4,23.2
2016-09,,23.16,26.12,29.59,27.55,25.65,26.95,28.19,1007,1012.9,20.7,60.2,24.3,58.0,61.0,44.4,60.3,58.2,60.9
2016-10,552,27.11,24.61,29.52,27.64,25.69,26.13,28.58,1006.8,1014.1,110.4,79.9,149.4,96.6,94.6,85.8,99.8,88.4,112.1
2016-11,657,26,26.61,29.22,27.53,25.91,25.13,28.49,1008.4,1014.7,259.7,130.1,254.3,184.3,117.7,70.0,109.5,66.4,13.1
2016-12,685,24.36,27.43,29.29,27.14,26.09,23.83,28.03,1012.4,1014.9,265.4,100.6,254.3,155.3,145.9,250.4,148.9,169.3,249.3
2017-01,700,26.69,28.01,28.95,27.82,26.74,26.41,27.58,1011,1015.6,229.6,116.3,252.0,174.3,209.4,229.3,187.2,211.6,290.1
2017-02,848,26.95,26.91,29.32,28.32,28.5,27.05,28.17,1010.4,1012.6,235.2,97.7,258.5,167.8,273.0,294.8,289.2,319.1,233.9
2017-03,851,26.71,27.29,29.73,27.63,26.16,27.8,28.43,1008.8,1011.6,191.4,130.0,168.1,141.4,200.2,247.3,290.0,333.2,244.6
2017-04,813,25.42,28.17,29.88,28.56,26.35,27.18,28.89,1006.7,1010.7,122.5,138.1,136.6,131.7,150.2,210.3,170.0,235.1,279.8
2017-05,,24.48,28.28,29.8,28.88,26.59,25.67,29.13,1006,1011.2,34.5,53.0,16.5,24.9,30.1,57.8,36.0,66.1,90.7
2017-06,,22.88,28.1,29.66,28.96,26.06,26.26,28.65,1007.1,1012.3,3.1,34.9,0.1,1.5,9.0,23.9,15.6,27.2,38.5
2017-07,688,22.91,27.79,29.73,28.82,25.85,27.44,28.64,1009.7,1011.3,0.0,0.1,0.0,0.0,0.0,4.4,0.1,4.0,18.1
2017-08,683,23.31,27.33,29.79,28.89,25.96,27.15,29.07,1011.7,1013.4,4.2,46.1,0.7,13.7,15.2,17.8,27.7,45.7,28.6
2017-09,,23.83,27.58,30.3,29,26.24,26.28,29.25,1013.5,1013.4,14.6,126.2,1.6,13.2,13.0,13.2,8.0,16.1,38.2
2017-10,515,25.93,27.91,30.11,29.15,26.82,25.38,28.99,1013.2,1015.4,92.6,125.0,113.5,111.9,120.7,121.2,123.3,97.3,15.6
2017-11,497,26.81,27.99,29.65,29.6,27.63,24.25,28.4,1013,1015.2,239.2,127.2,274.3,249.9,224.7,202.0,166.3,119.6,4.7
2017-12,652,27.57,28.21,29.55,29.39,28.18,23.41,27.74,1012.3,1015.8,329.5,231.5,272.0,323.0,297.7,239.8,238.6,237.6,171.5
2018-01,676,25.83,28.36,29.53,29.17,28.59,23.14,27.4,1009.4,1013.8,148.2,200.4,162.1,193.1,257.4,210.4,251.0,241.7,131.2
2018-02,755,24.55,28.7,29.39,28.9,28.51,23.55,27.63,1007.4,1010.5,231.6,267.4,214.3,266.3,299.2,355.0,369.4,336.3,247.5
2018-03,766,27.76,28.34,28.03,28.87,28.25,24.2,27.8,1007.3,1011.1,233.9,318.5,213.8,269.4,282.7,176.6,318.1,276.4,313.8
2018-04,817,28.52,27.11,28.13,26.87,27.41,25.24,27.85,1004.8,1010.3,83.0,84.0,54.2,90.8,145.4,138.3,179.0,184.9,154.7
2018-05,775,26.53,27,28.65,27.34,26.35,26.61,27.86,1006.1,1012,26.1,26.2,16.9,24.3,40.1,47.9,68.5,80.6,56.0
2018-06,680,25.06,27.7,29.08,28.1,25.86,27.19,28.14,1009.5,1012.4,0.0,0.2,0.0,0.4,0.3,6.6,0.4,15.9,77.8
2018-07,659,22.98,27.6,29.39,28.3,25.68,27.23,28.57,1012.2,1014.1,0.1,0.8,0.1,1.5,3.5,8.9,7.0,12.3,9.7
2018-08,658,20.19,26.73,29.21,28.19,26.21,26.41,28.91,1013.7,1014.2,11.7,11.5,8.5,9.7,27.1,30.9,59.8,61.9,35.2
2018-09,668,19.67,25.85,28.87,27.61,27.28,25.4,28.83,1012.8,1014,35.4,31.6,34.0,49.9,64.2,72.5,67.9,88.3,34.7
2018-10,608,19.45,24.82,28.69,26.67,27.82,23.88,28.31,1013.1,1013.7,102.5,78.1,79.9,98.8,177.9,183.3,123.3,101.3,24.2
2018-11,596,20.44,24.17,28.55,26.23,28.28,23.38,27.75,1012.3,1013,389.2,302.4,433.7,291.4,251.8,202.5,221.8,186.1,115.4
2018-12,700,21.44,24.28,28.46,25.79,27.55,22.92,27.31,1011,1012.3,177.0,129.3,252.2,217.6,203.1,209.1,178.6,160.8,116.6
2019-01,719,23.71,23.92,28.03,25.8,28.21,22.93,27.43,1009.4,1011.5,140.6,163.5,124.6,126.6,188.5,224.0,216.4,233.9,240.4
2019-02,710,25.57,24.05,27.86,25.82,27.99,23.43,27.77,1006.2,1011.1,161.3,143.3,128.2,109.4,159.8,248.1,153.9,181.1,144.2
2019-03,764,25.83,24.48,28.14,25.83,27.32,23.98,28.06,1009,1010.7,153.0,155.3,149.7,195.7,240.7,295.0,264.7,207.2,115.2
2019-04,810,24.58,25.36,29,26.48,26.4,24.95,28.07,1008.4,1011.1,127.3,90.3,125.9,109.8,145.3,235.9,171.2,208.8,116.8
2019-05,751,25.1,27.12,29.06,27.08,25.72,25.82,27.91,1010.1,1012.3,15.0,12.9,19.8,21.5,52.0,115.0,82.5,106.8,145.0
2019-06,695,26.45,26.17,29.1,27.41,25.79,26.82,28.17,1012.3,1012.8,0.2,0.3,0.5,0.9,11.6,47.6,33.9,36.5,24.7
2019-07,662,26.8,26.91,29.24,28.22,25.6,27.77,28.66,1013.8,1013.7,0.2,0.6,0.9,1.2,8.6,24.9,29.2,32.7,24.1
2019-08,659,25.68,27.89,29.58,28.6,26.11,27.53,29,1014.2,1014.3,0.2,0.0,1.3,0.4,7.0,21.1,11.9,37.5,28.0
2019-09,,24.38,28.17,29.62,28.57,26.42,25,28.84,1014.3,1015.3,8.9,9.1,7.3,12.2,48.6,61.8,86.7,89.4,49.4
2019-10,525,22.62,27.69,29.73,28.24,26.89,23.79,28.28,1014.5,1013.4,113.5,129.8,61.3,102.7,153.1,107.0,199.1,172.9,70.2
2019-11,638,21.34,26.81,29.5,27.63,27.31,22.84,27.73,1011.4,1011.2,76.4,125.5,47.3,138.2,160.9,117.3,168.5,159.3,91.4
2019-12,650,20.2,25.68,29.33,26.97,27.84,22.98,27.36,1009.7,1010.8,85.7,99.2,60.8,86.1,112.1,101.9,109.1,86.3,115.7
